{
  "model_name": "LightGBM",
  "model_type": "LGBMClassifier",
  "best_parameters": {
    "learning_rate": 0.3,
    "max_depth": 7,
    "n_estimators": 200,
    "num_leaves": 50
  },
  "training_samples": 10488,
  "validation_samples": 1220,
  "test_samples": 1435,
  "features": [
    "koi_score",
    "koi_depth",
    "koi_teq",
    "koi_prad",
    "koi_smass",
    "koi_srad",
    "koi_steff",
    "koi_model_snr",
    "koi_slogg",
    "koi_insol",
    "koi_duration",
    "koi_period"
  ],
  "classes": [
    "CANDIDATE",
    "CONFIRMED",
    "FALSE POSITIVE"
  ],
  "performance": {
    "validation": {
      "accuracy": 0.8221311475409836,
      "precision": 0.7828453070026103,
      "recall": 0.787953226863804,
      "f1_score": 0.7852287812004515,
      "roc_auc": 0.9419925492944404
    },
    "test": {
      "accuracy": 0.8348432055749129,
      "precision": 0.8013860707201012,
      "recall": 0.8044958756932866,
      "f1_score": 0.8023841437430498,
      "roc_auc": 0.9517015117125033
    }
  },
  "training_time_seconds": 201.98188042640686
}